Workbook

Sheet Equity Home Bias
A1: Country | K1: Portfolio equity assets
A2: Year | B2: 1993 | C2: 1994 | D2: 1995 | E2: 1996 | F2: 1997 | G2: 1998 | H2: 1999 | I2: 2000 | J2: 2001 | K2: 2002 | L2: 2003 | M2: 2004 | N2: 2005 | O2: 2006 | P2: 2007 | Q2: 2008 | R2: 2009 | S2: 2010
A3: Australia | B3: =1-('Portfolio equity assets '!B3)/('Portfolio equity assets '!B3+('Market Cap'!B3/1000000)-'Portfolio equity liabilities '!B3) -> 0.88698561 | C3: =1-('Portfolio equity assets '!C3)/('Portfolio equity assets '!C3+('Market Cap'!C3/1000000)-'Portfolio equity liabilities '!C3) -> 0.88375703 | D3: =1-('Portfolio equity assets '!D3)/('Portfolio equity assets '!D3+('Market Cap'!D3/1000000)-'Portfolio equity liabilities '!D3) -> 0.87706348 | E3: =1-('Portfolio equity assets '!E3)/('Portfolio equity assets '!E3+('Market Cap'!E3/1000000)-'Portfolio equity liabilities '!E3) -> 0.88785598 | F3: =1-('Portfolio equity assets '!F3)/('Portfolio equity assets '!F3+('Market Cap'!F3/1000000)-'Portfolio equity liabilities '!F3) -> 0.87682666 | G3: =1-('Portfolio equity assets '!G3)/('Portfolio equity assets '!G3+('Market Cap'!G3/1000000)-'Portfolio equity liabilities '!G3) -> 0.87433864 | H3: =1-('Portfolio equity assets '!H3)/('Portfolio equity assets '!H3+('Market Cap'!H3/1000000)-'Portfolio equity liabilities '!H3) -> 0.85105262 | I3: =1-('Portfolio equity assets '!I3)/('Portfolio equity assets '!I3+('Market Cap'!I3/1000000)-'Portfolio equity liabilities '!I3) -> 0.82942896 | ... S3: =1-('Portfolio equity assets '!S3)/('Portfolio equity assets '!S3+('Market Cap'!S3/1000000)-'Portfolio equity liabilities '!S3) -> 0.78754506
A4: Austria | B4: =1-('Portfolio equity assets '!B4)/('Portfolio equity assets '!B4+('Market Cap'!B4/1000000)-'Portfolio equity liabilities '!B4) -> 0.86970703 | C4: =1-('Portfolio equity assets '!C4)/('Portfolio equity assets '!C4+('Market Cap'!C4/1000000)-'Portfolio equity liabilities '!C4) -> 0.83437919 | D4: =1-('Portfolio equity assets '!D4)/('Portfolio equity assets '!D4+('Market Cap'!D4/1000000)-'Portfolio equity liabilities '!D4) -> 0.81306708 | E4: =1-('Portfolio equity assets '!E4)/('Portfolio equity assets '!E4+('Market Cap'!E4/1000000)-'Portfolio equity liabilities '!E4) -> 0.79413033 | F4: =1-('Portfolio equity assets '!F4)/('Portfolio equity assets '!F4+('Market Cap'!F4/1000000)-'Portfolio equity liabilities '!F4) -> 0.63560881 | G4: =1-('Portfolio equity assets '!G4)/('Portfolio equity assets '!G4+('Market Cap'!G4/1000000)-'Portfolio equity liabilities '!G4) -> 0.51761387 | H4: =1-('Portfolio equity assets '!H4)/('Portfolio equity assets '!H4+('Market Cap'!H4/1000000)-'Portfolio equity liabilities '!H4) -> 0.38715212 | I4: =1-('Portfolio equity assets '!I4)/('Portfolio equity assets '!I4+('Market Cap'!I4/1000000)-'Portfolio equity liabilities '!I4) -> 0.19534563 | ... S4: =1-('Portfolio equity assets '!S4)/('Portfolio equity assets '!S4+('Market Cap'!S4/1000000)-'Portfolio equity liabilities '!S4) -> 0.053781333
A5: Belgium | B5: =1-('Portfolio equity assets '!B5)/('Portfolio equity assets '!B5+('Market Cap'!B5/1000000)-'Portfolio equity liabilities '!B5) -> 0.54063901 | C5: =1-('Portfolio equity assets '!C5)/('Portfolio equity assets '!C5+('Market Cap'!C5/1000000)-'Portfolio equity liabilities '!C5) -> 0.55426842 | D5: =1-('Portfolio equity assets '!D5)/('Portfolio equity assets '!D5+('Market Cap'!D5/1000000)-'Portfolio equity liabilities '!D5) -> 0.5982306 | E5: =1-('Portfolio equity assets '!E5)/('Portfolio equity assets '!E5+('Market Cap'!E5/1000000)-'Portfolio equity liabilities '!E5) -> 0.6272495 | F5: =1-('Portfolio equity assets '!F5)/('Portfolio equity assets '!F5+('Market Cap'!F5/1000000)-'Portfolio equity liabilities '!F5) -> 0.65882788 | G5: =1-('Portfolio equity assets '!G5)/('Portfolio equity assets '!G5+('Market Cap'!G5/1000000)-'Portfolio equity liabilities '!G5) -> 0.70759472 | H5: =1-('Portfolio equity assets '!H5)/('Portfolio equity assets '!H5+('Market Cap'!H5/1000000)-'Portfolio equity liabilities '!H5) -> 0.57497591 | I5: =1-('Portfolio equity assets '!I5)/('Portfolio equity assets '!I5+('Market Cap'!I5/1000000)-'Portfolio equity liabilities '!I5) -> 0.57434737 | ... S5: =1-('Portfolio equity assets '!S5)/('Portfolio equity assets '!S5+('Market Cap'!S5/1000000)-'Portfolio equity liabilities '!S5) -> 0.38428592
A6: Canada | B6: =1-('Portfolio equity assets '!B6)/('Portfolio equity assets '!B6+('Market Cap'!B6/1000000)-'Portfolio equity liabilities '!B6) -> 0.80380627 | C6: =1-('Portfolio equity assets '!C6)/('Portfolio equity assets '!C6+('Market Cap'!C6/1000000)-'Portfolio equity liabilities '!C6) -> 0.78487726 | D6: =1-('Portfolio equity assets '!D6)/('Portfolio equity assets '!D6+('Market Cap'!D6/1000000)-'Portfolio equity liabilities '!D6) -> 0.77626876 | E6: =1-('Portfolio equity assets '!E6)/('Portfolio equity assets '!E6+('Market Cap'!E6/1000000)-'Portfolio equity liabilities '!E6) -> 0.77578424 | F6: =1-('Portfolio equity assets '!F6)/('Portfolio equity assets '!F6+('Market Cap'!F6/1000000)-'Portfolio equity liabilities '!F6) -> 0.77673219 | G6: =1-('Portfolio equity assets '!G6)/('Portfolio equity assets '!G6+('Market Cap'!G6/1000000)-'Portfolio equity liabilities '!G6) -> 0.74295491 | H6: =1-('Portfolio equity assets '!H6)/('Portfolio equity assets '!H6+('Market Cap'!H6/1000000)-'Portfolio equity liabilities '!H6) -> 0.73578998 | I6: =1-('Portfolio equity assets '!I6)/('Portfolio equity assets '!I6+('Market Cap'!I6/1000000)-'Portfolio equity liabilities '!I6) -> 0.74171494 | ... S6: =1-('Portfolio equity assets '!S6)/('Portfolio equity assets '!S6+('Market Cap'!S6/1000000)-'Portfolio equity liabilities '!S6) -> 0.74525778
A7: Denmark | B7: =1-('Portfolio equity assets '!B7)/('Portfolio equity assets '!B7+('Market Cap'!B7/1000000)-'Portfolio equity liabilities '!B7) -> 0.82856539 | C7: =1-('Portfolio equity assets '!C7)/('Portfolio equity assets '!C7+('Market Cap'!C7/1000000)-'Portfolio equity liabilities '!C7) -> 0.84298177 | D7: =1-('Portfolio equity assets '!D7)/('Portfolio equity assets '!D7+('Market Cap'!D7/1000000)-'Portfolio equity liabilities '!D7) -> 0.81584515 | E7: =1-('Portfolio equity assets '!E7)/('Portfolio equity assets '!E7+('Market Cap'!E7/1000000)-'Portfolio equity liabilities '!E7) -> 0.78578568 | F7: =1-('Portfolio equity assets '!F7)/('Portfolio equity assets '!F7+('Market Cap'!F7/1000000)-'Portfolio equity liabilities '!F7) -> 0.76607176 | G7: =1-('Portfolio equity assets '!G7)/('Portfolio equity assets '!G7+('Market Cap'!G7/1000000)-'Portfolio equity liabilities '!G7) -> 0.70596168 | H7: =1-('Portfolio equity assets '!H7)/('Portfolio equity assets '!H7+('Market Cap'!H7/1000000)-'Portfolio equity liabilities '!H7) -> 0.62778028 | I7: =1-('Portfolio equity assets '!I7)/('Portfolio equity assets '!I7+('Market Cap'!I7/1000000)-'Portfolio equity liabilities '!I7) -> 0.59108755 | ... S7: =1-('Portfolio equity assets '!S7)/('Portfolio equity assets '!S7+('Market Cap'!S7/1000000)-'Portfolio equity liabilities '!S7) -> 0.50531081
A8: Finland | B8: =1-('Portfolio equity assets '!B8)/('Portfolio equity assets '!B8+('Market Cap'!B8/1000000)-'Portfolio equity liabilities '!B8) -> 0.98344512 | C8: =1-('Portfolio equity assets '!C8)/('Portfolio equity assets '!C8+('Market Cap'!C8/1000000)-'Portfolio equity liabilities '!C8) -> 0.98386011 | D8: =1-('Portfolio equity assets '!D8)/('Portfolio equity assets '!D8+('Market Cap'!D8/1000000)-'Portfolio equity liabilities '!D8) -> 0.97560863 | E8: =1-('Portfolio equity assets '!E8)/('Portfolio equity assets '!E8+('Market Cap'!E8/1000000)-'Portfolio equity liabilities '!E8) -> 0.96203556 | F8: =1-('Portfolio equity assets '!F8)/('Portfolio equity assets '!F8+('Market Cap'!F8/1000000)-'Portfolio equity liabilities '!F8) -> 0.93195941 | G8: =1-('Portfolio equity assets '!G8)/('Portfolio equity assets '!G8+('Market Cap'!G8/1000000)-'Portfolio equity liabilities '!G8) -> 0.93417017 | H8: =1-('Portfolio equity assets '!H8)/('Portfolio equity assets '!H8+('Market Cap'!H8/1000000)-'Portfolio equity liabilities '!H8) -> 0.9047727 | I8: =1-('Portfolio equity assets '!I8)/('Portfolio equity assets '!I8+('Market Cap'!I8/1000000)-'Portfolio equity liabilities '!I8) -> 0.81500813 | ... S8: =1-('Portfolio equity assets '!S8)/('Portfolio equity assets '!S8+('Market Cap'!S8/1000000)-'Portfolio equity liabilities '!S8) -> 0.13622118
A9: France | B9: =1-('Portfolio equity assets '!B9)/('Portfolio equity assets '!B9+('Market Cap'!B9/1000000)-'Portfolio equity liabilities '!B9) -> 0.87145567 | C9: =1-('Portfolio equity assets '!C9)/('Portfolio equity assets '!C9+('Market Cap'!C9/1000000)-'Portfolio equity liabilities '!C9) -> 0.86657206 | D9: =1-('Portfolio equity assets '!D9)/('Portfolio equity assets '!D9+('Market Cap'!D9/1000000)-'Portfolio equity liabilities '!D9) -> 0.87302981 | E9: =1-('Portfolio equity assets '!E9)/('Portfolio equity assets '!E9+('Market Cap'!E9/1000000)-'Portfolio equity liabilities '!E9) -> 0.85565347 | F9: =1-('Portfolio equity assets '!F9)/('Portfolio equity assets '!F9+('Market Cap'!F9/1000000)-'Portfolio equity liabilities '!F9) -> 0.82452806 | G9: =1-('Portfolio equity assets '!G9)/('Portfolio equity assets '!G9+('Market Cap'!G9/1000000)-'Portfolio equity liabilities '!G9) -> 0.82849517 | H9: =1-('Portfolio equity assets '!H9)/('Portfolio equity assets '!H9+('Market Cap'!H9/1000000)-'Portfolio equity liabilities '!H9) -> 0.83894798 | I9: =1-('Portfolio equity assets '!I9)/('Portfolio equity assets '!I9+('Market Cap'!I9/1000000)-'Portfolio equity liabilities '!I9) -> 0.81806308 | ... S9: =1-('Portfolio equity assets '!S9)/('Portfolio equity assets '!S9+('Market Cap'!S9/1000000)-'Portfolio equity liabilities '!S9) -> 0.63383581
A10: Germany | B10: =1-('Portfolio equity assets '!B10)/('Portfolio equity assets '!B10+('Market Cap'!B10/1000000)-'Portfolio equity liabilities '!B10) -> 0.7625017 | C10: =1-('Portfolio equity assets '!C10)/('Portfolio equity assets '!C10+('Market Cap'!C10/1000000)-'Portfolio equity liabilities '!C10) -> 0.71790697 | D10: =1-('Portfolio equity assets '!D10)/('Portfolio equity assets '!D10+('Market Cap'!D10/1000000)-'Portfolio equity liabilities '!D10) -> 0.73761951 | E10: =1-('Portfolio equity assets '!E10)/('Portfolio equity assets '!E10+('Market Cap'!E10/1000000)-'Portfolio equity liabilities '!E10) -> 0.73894225 | F10: =1-('Portfolio equity assets '!F10)/('Portfolio equity assets '!F10+('Market Cap'!F10/1000000)-'Portfolio equity liabilities '!F10) -> 0.72558536 | G10: =1-('Portfolio equity assets '!G10)/('Portfolio equity assets '!G10+('Market Cap'!G10/1000000)-'Portfolio equity liabilities '!G10) -> 0.68450085 | H10: =1-('Portfolio equity assets '!H10)/('Portfolio equity assets '!H10+('Market Cap'!H10/1000000)-'Portfolio equity liabilities '!H10) -> 0.67575092 | I10: =1-('Portfolio equity assets '!I10)/('Portfolio equity assets '!I10+('Market Cap'!I10/1000000)-'Portfolio equity liabilities '!I10) -> 0.62849747 | ... S10: =1-('Portfolio equity assets '!S10)/('Portfolio equity assets '!S10+('Market Cap'!S10/1000000)-'Portfolio equity liabilities '!S10) -> 0.44721491
A11: Greece | B11: =1-('Portfolio equity assets '!B11)/('Portfolio equity assets '!B11+('Market Cap'!B11/1000000)-'Portfolio equity liabilities '!B11) -> 0.96521564 | C11: =1-('Portfolio equity assets '!C11)/('Portfolio equity assets '!C11+('Market Cap'!C11/1000000)-'Portfolio equity liabilities '!C11) -> 0.96884882 | D11: =1-('Portfolio equity assets '!D11)/('Portfolio equity assets '!D11+('Market Cap'!D11/1000000)-'Portfolio equity liabilities '!D11) -> 0.96514238 | E11: =1-('Portfolio equity assets '!E11)/('Portfolio equity assets '!E11+('Market Cap'!E11/1000000)-'Portfolio equity liabilities '!E11) -> 0.970909 | F11: =1-('Portfolio equity assets '!F11)/('Portfolio equity assets '!F11+('Market Cap'!F11/1000000)-'Portfolio equity liabilities '!F11) -> 0.96616805 | G11: =1-('Portfolio equity assets '!G11)/('Portfolio equity assets '!G11+('Market Cap'!G11/1000000)-'Portfolio equity liabilities '!G11) -> 0.98298346 | H11: =1-('Portfolio equity assets '!H11)/('Portfolio equity assets '!H11+('Market Cap'!H11/1000000)-'Portfolio equity liabilities '!H11) -> 0.99396657 | I11: =1-('Portfolio equity assets '!I11)/('Portfolio equity assets '!I11+('Market Cap'!I11/1000000)-'Portfolio equity liabilities '!I11) -> 0.98688592 | ... S11: =1-('Portfolio equity assets '!S11)/('Portfolio equity assets '!S11+('Market Cap'!S11/1000000)-'Portfolio equity liabilities '!S11) -> 0.81932082
A12: Italy | B12: =1-('Portfolio equity assets '!B14)/('Portfolio equity assets '!B14+('Market Cap'!B14/1000000)-'Portfolio equity liabilities '!B14) -> 0.76336219 | C12: =1-('Portfolio equity assets '!C14)/('Portfolio equity assets '!C14+('Market Cap'!C14/1000000)-'Portfolio equity liabilities '!C14) -> 0.80583048 | D12: =1-('Portfolio equity assets '!D14)/('Portfolio equity assets '!D14+('Market Cap'!D14/1000000)-'Portfolio equity liabilities '!D14) -> 0.78277387 | E12: =1-('Portfolio equity assets '!E14)/('Portfolio equity assets '!E14+('Market Cap'!E14/1000000)-'Portfolio equity liabilities '!E14) -> 0.76036971 | F12: =1-('Portfolio equity assets '!F14)/('Portfolio equity assets '!F14+('Market Cap'!F14/1000000)-'Portfolio equity liabilities '!F14) -> 0.7302817 | G12: =1-('Portfolio equity assets '!G14)/('Portfolio equity assets '!G14+('Market Cap'!G14/1000000)-'Portfolio equity liabilities '!G14) -> 0.76579546 | H12: =1-('Portfolio equity assets '!H14)/('Portfolio equity assets '!H14+('Market Cap'!H14/1000000)-'Portfolio equity liabilities '!H14) -> 0.71437382 | I12: =1-('Portfolio equity assets '!I14)/('Portfolio equity assets '!I14+('Market Cap'!I14/1000000)-'Portfolio equity liabilities '!I14) -> 0.66339972 | ... S12: =1-('Portfolio equity assets '!S14)/('Portfolio equity assets '!S14+('Market Cap'!S14/1000000)-'Portfolio equity liabilities '!S14) -> 0.18943751
A13: Japan | B13: =1-('Portfolio equity assets '!B15)/('Portfolio equity assets '!B15+('Market Cap'!B15/1000000)-'Portfolio equity liabilities '!B15) -> 0.96301915 | C13: =1-('Portfolio equity assets '!C15)/('Portfolio equity assets '!C15+('Market Cap'!C15/1000000)-'Portfolio equity liabilities '!C15) -> 0.9668208 | D13: =1-('Portfolio equity assets '!D15)/('Portfolio equity assets '!D15+('Market Cap'!D15/1000000)-'Portfolio equity liabilities '!D15) -> 0.95829782 | E13: =1-('Portfolio equity assets '!E15)/('Portfolio equity assets '!E15+('Market Cap'!E15/1000000)-'Portfolio equity liabilities '!E15) -> 0.9470923 | F13: =1-('Portfolio equity assets '!F15)/('Portfolio equity assets '!F15+('Market Cap'!F15/1000000)-'Portfolio equity liabilities '!F15) -> 0.92431837 | G13: =1-('Portfolio equity assets '!G15)/('Portfolio equity assets '!G15+('Market Cap'!G15/1000000)-'Portfolio equity liabilities '!G15) -> 0.91286324 | H13: =1-('Portfolio equity assets '!H15)/('Portfolio equity assets '!H15+('Market Cap'!H15/1000000)-'Portfolio equity liabilities '!H15) -> 0.92875968 | I13: =1-('Portfolio equity assets '!I15)/('Portfolio equity assets '!I15+('Market Cap'!I15/1000000)-'Portfolio equity liabilities '!I15) -> 0.9085989 | ... S13: =1-('Portfolio equity assets '!S15)/('Portfolio equity assets '!S15+('Market Cap'!S15/1000000)-'Portfolio equity liabilities '!S15) -> 0.82094717
A14: Mexico | B14: =1-('Portfolio equity assets '!B16)/('Portfolio equity assets '!B16+('Market Cap'!B16/1000000)-'Portfolio equity liabilities '!B16) -> 0.98842522 | C14: =1-('Portfolio equity assets '!C16)/('Portfolio equity assets '!C16+('Market Cap'!C16/1000000)-'Portfolio equity liabilities '!C16) -> 0.98150235 | D14: =1-('Portfolio equity assets '!D16)/('Portfolio equity assets '!D16+('Market Cap'!D16/1000000)-'Portfolio equity liabilities '!D16) -> 0.96780296 | E14: =1-('Portfolio equity assets '!E16)/('Portfolio equity assets '!E16+('Market Cap'!E16/1000000)-'Portfolio equity liabilities '!E16) -> 0.96994374 | F14: =1-('Portfolio equity assets '!F16)/('Portfolio equity assets '!F16+('Market Cap'!F16/1000000)-'Portfolio equity liabilities '!F16) -> 0.97340531 | G14: =1-('Portfolio equity assets '!G16)/('Portfolio equity assets '!G16+('Market Cap'!G16/1000000)-'Portfolio equity liabilities '!G16) -> 0.94771673 | H14: =1-('Portfolio equity assets '!H16)/('Portfolio equity assets '!H16+('Market Cap'!H16/1000000)-'Portfolio equity liabilities '!H16) -> 0.96533036 | I14: =1-('Portfolio equity assets '!I16)/('Portfolio equity assets '!I16+('Market Cap'!I16/1000000)-'Portfolio equity liabilities '!I16) -> 0.96465169 | ... S14: =1-('Portfolio equity assets '!S16)/('Portfolio equity assets '!S16+('Market Cap'!S16/1000000)-'Portfolio equity liabilities '!S16) -> 0.931483
A15: Netherlands | B15: =1-('Portfolio equity assets '!B17)/('Portfolio equity assets '!B17+('Market Cap'!B17/1000000)-'Portfolio equity liabilities '!B17) -> 0.60000238 | C15: =1-('Portfolio equity assets '!C17)/('Portfolio equity assets '!C17+('Market Cap'!C17/1000000)-'Portfolio equity liabilities '!C17) -> 0.72577974 | D15: =1-('Portfolio equity assets '!D17)/('Portfolio equity assets '!D17+('Market Cap'!D17/1000000)-'Portfolio equity liabilities '!D17) -> 0.71173462 | E15: =1-('Portfolio equity assets '!E17)/('Portfolio equity assets '!E17+('Market Cap'!E17/1000000)-'Portfolio equity liabilities '!E17) -> 0.64893002 | F15: =1-('Portfolio equity assets '!F17)/('Portfolio equity assets '!F17+('Market Cap'!F17/1000000)-'Portfolio equity liabilities '!F17) -> 0.66296514 | G15: =1-('Portfolio equity assets '!G17)/('Portfolio equity assets '!G17+('Market Cap'!G17/1000000)-'Portfolio equity liabilities '!G17) -> 0.62975431 | H15: =1-('Portfolio equity assets '!H17)/('Portfolio equity assets '!H17+('Market Cap'!H17/1000000)-'Portfolio equity liabilities '!H17) -> 0.5705764 | I15: =1-('Portfolio equity assets '!I17)/('Portfolio equity assets '!I17+('Market Cap'!I17/1000000)-'Portfolio equity liabilities '!I17) -> 0.53339228 | ... S15: =1-('Portfolio equity assets '!S17)/('Portfolio equity assets '!S17+('Market Cap'!S17/1000000)-'Portfolio equity liabilities '!S17) -> 0.19167582
A16: New Zealand | B16: =1-('Portfolio equity assets '!B18)/('Portfolio equity assets '!B18+('Market Cap'!B18/1000000)-'Portfolio equity liabilities '!B18) -> 0.97199158 | C16: =1-('Portfolio equity assets '!C18)/('Portfolio equity assets '!C18+('Market Cap'!C18/1000000)-'Portfolio equity liabilities '!C18) -> 0.95965943 | D16: =1-('Portfolio equity assets '!D18)/('Portfolio equity assets '!D18+('Market Cap'!D18/1000000)-'Portfolio equity liabilities '!D18) -> 0.95427213 | E16: =1-('Portfolio equity assets '!E18)/('Portfolio equity assets '!E18+('Market Cap'!E18/1000000)-'Portfolio equity liabilities '!E18) -> 0.87094596 | F16: =1-('Portfolio equity assets '!F18)/('Portfolio equity assets '!F18+('Market Cap'!F18/1000000)-'Portfolio equity liabilities '!F18) -> 0.84910305 | G16: =1-('Portfolio equity assets '!G18)/('Portfolio equity assets '!G18+('Market Cap'!G18/1000000)-'Portfolio equity liabilities '!G18) -> 0.80519607 | H16: =1-('Portfolio equity assets '!H18)/('Portfolio equity assets '!H18+('Market Cap'!H18/1000000)-'Portfolio equity liabilities '!H18) -> 0.82273936 | I16: =1-('Portfolio equity assets '!I18)/('Portfolio equity assets '!I18+('Market Cap'!I18/1000000)-'Portfolio equity liabilities '!I18) -> 0.68373283 | ... S16: =1-('Portfolio equity assets '!S18)/('Portfolio equity assets '!S18+('Market Cap'!S18/1000000)-'Portfolio equity liabilities '!S18) -> 0.43542263
A17: Norway | B17: =1-('Portfolio equity assets '!B19)/('Portfolio equity assets '!B19+('Market Cap'!B19/1000000)-'Portfolio equity liabilities '!B19) -> 0.77774423 | C17: =1-('Portfolio equity assets '!C19)/('Portfolio equity assets '!C19+('Market Cap'!C19/1000000)-'Portfolio equity liabilities '!C19) -> 0.82875657 | D17: =1-('Portfolio equity assets '!D19)/('Portfolio equity assets '!D19+('Market Cap'!D19/1000000)-'Portfolio equity liabilities '!D19) -> 0.8268992 | E17: =1-('Portfolio equity assets '!E19)/('Portfolio equity assets '!E19+('Market Cap'!E19/1000000)-'Portfolio equity liabilities '!E19) -> 0.81639069 | F17: =1-('Portfolio equity assets '!F19)/('Portfolio equity assets '!F19+('Market Cap'!F19/1000000)-'Portfolio equity liabilities '!F19) -> 0.79320139 | G17: =1-('Portfolio equity assets '!G19)/('Portfolio equity assets '!G19+('Market Cap'!G19/1000000)-'Portfolio equity liabilities '!G19) -> 0.58087813 | H17: =1-('Portfolio equity assets '!H19)/('Portfolio equity assets '!H19+('Market Cap'!H19/1000000)-'Portfolio equity liabilities '!H19) -> 0.58436427 | I17: =1-('Portfolio equity assets '!I19)/('Portfolio equity assets '!I19+('Market Cap'!I19/1000000)-'Portfolio equity liabilities '!I19) -> 0.52974729 | ... S17: =1-('Portfolio equity assets '!S19)/('Portfolio equity assets '!S19+('Market Cap'!S19/1000000)-'Portfolio equity liabilities '!S19) -> 0.28599925
A18: Portugal | B18: =1-('Portfolio equity assets '!B20)/('Portfolio equity assets '!B20+('Market Cap'!B20/1000000)-'Portfolio equity liabilities '!B20) -> 0.89787658 | C18: =1-('Portfolio equity assets '!C20)/('Portfolio equity assets '!C20+('Market Cap'!C20/1000000)-'Portfolio equity liabilities '!C20) -> 0.89544953 | D18: =1-('Portfolio equity assets '!D20)/('Portfolio equity assets '!D20+('Market Cap'!D20/1000000)-'Portfolio equity liabilities '!D20) -> 0.83801426 | E18: =1-('Portfolio equity assets '!E20)/('Portfolio equity assets '!E20+('Market Cap'!E20/1000000)-'Portfolio equity liabilities '!E20) -> 0.79301334 | F18: =1-('Portfolio equity assets '!F20)/('Portfolio equity assets '!F20+('Market Cap'!F20/1000000)-'Portfolio equity liabilities '!F20) -> 0.84677865 | G18: =1-('Portfolio equity assets '!G20)/('Portfolio equity assets '!G20+('Market Cap'!G20/1000000)-'Portfolio equity liabilities '!G20) -> 0.8802174 | H18: =1-('Portfolio equity assets '!H20)/('Portfolio equity assets '!H20+('Market Cap'!H20/1000000)-'Portfolio equity liabilities '!H20) -> 0.84182627 | I18: =1-('Portfolio equity assets '!I20)/('Portfolio equity assets '!I20+('Market Cap'!I20/1000000)-'Portfolio equity liabilities '!I20) -> 0.8199264 | ... S18: =1-('Portfolio equity assets '!S20)/('Portfolio equity assets '!S20+('Market Cap'!S20/1000000)-'Portfolio equity liabilities '!S20) -> 0.27497185
A19: Spain | B19: =1-('Portfolio equity assets '!B21)/('Portfolio equity assets '!B21+('Market Cap'!B21/1000000)-'Portfolio equity liabilities '!B21) -> 0.941866 | C19: =1-('Portfolio equity assets '!C21)/('Portfolio equity assets '!C21+('Market Cap'!C21/1000000)-'Portfolio equity liabilities '!C21) -> 0.94813913 | D19: =1-('Portfolio equity assets '!D21)/('Portfolio equity assets '!D21+('Market Cap'!D21/1000000)-'Portfolio equity liabilities '!D21) -> 0.94872539 | E19: =1-('Portfolio equity assets '!E21)/('Portfolio equity assets '!E21+('Market Cap'!E21/1000000)-'Portfolio equity liabilities '!E21) -> 0.94995313 | F19: =1-('Portfolio equity assets '!F21)/('Portfolio equity assets '!F21+('Market Cap'!F21/1000000)-'Portfolio equity liabilities '!F21) -> 0.91604819 | G19: =1-('Portfolio equity assets '!G21)/('Portfolio equity assets '!G21+('Market Cap'!G21/1000000)-'Portfolio equity liabilities '!G21) -> 0.89619952 | H19: =1-('Portfolio equity assets '!H21)/('Portfolio equity assets '!H21+('Market Cap'!H21/1000000)-'Portfolio equity liabilities '!H21) -> 0.80930134 | I19: =1-('Portfolio equity assets '!I21)/('Portfolio equity assets '!I21+('Market Cap'!I21/1000000)-'Portfolio equity liabilities '!I21) -> 0.80298135 | ... S19: =1-('Portfolio equity assets '!S21)/('Portfolio equity assets '!S21+('Market Cap'!S21/1000000)-'Portfolio equity liabilities '!S21) -> 0.87097727
A20: Sweden | B20: =1-('Portfolio equity assets '!B22)/('Portfolio equity assets '!B22+('Market Cap'!B22/1000000)-'Portfolio equity liabilities '!B22) -> 0.85040629 | C20: =1-('Portfolio equity assets '!C22)/('Portfolio equity assets '!C22+('Market Cap'!C22/1000000)-'Portfolio equity liabilities '!C22) -> 0.83905352 | D20: =1-('Portfolio equity assets '!D22)/('Portfolio equity assets '!D22+('Market Cap'!D22/1000000)-'Portfolio equity liabilities '!D22) -> 0.81381981 | E20: =1-('Portfolio equity assets '!E22)/('Portfolio equity assets '!E22+('Market Cap'!E22/1000000)-'Portfolio equity liabilities '!E22) -> 0.81991437 | F20: =1-('Portfolio equity assets '!F22)/('Portfolio equity assets '!F22+('Market Cap'!F22/1000000)-'Portfolio equity liabilities '!F22) -> 0.79040218 | G20: =1-('Portfolio equity assets '!G22)/('Portfolio equity assets '!G22+('Market Cap'!G22/1000000)-'Portfolio equity liabilities '!G22) -> 0.72171817 | H20: =1-('Portfolio equity assets '!H22)/('Portfolio equity assets '!H22+('Market Cap'!H22/1000000)-'Portfolio equity liabilities '!H22) -> 0.68372434 | I20: =1-('Portfolio equity assets '!I22)/('Portfolio equity assets '!I22+('Market Cap'!I22/1000000)-'Portfolio equity liabilities '!I22) -> 0.67263166 | ... S20: =1-('Portfolio equity assets '!S22)/('Portfolio equity assets '!S22+('Market Cap'!S22/1000000)-'Portfolio equity liabilities '!S22) -> 0.53134719
A21: Switzerland | B21: =1-('Portfolio equity assets '!B23)/('Portfolio equity assets '!B23+('Market Cap'!B23/1000000)-'Portfolio equity liabilities '!B23) -> 0.59869749 | C21: =1-('Portfolio equity assets '!C23)/('Portfolio equity assets '!C23+('Market Cap'!C23/1000000)-'Portfolio equity liabilities '!C23) -> 0.59708398 | D21: =1-('Portfolio equity assets '!D23)/('Portfolio equity assets '!D23+('Market Cap'!D23/1000000)-'Portfolio equity liabilities '!D23) -> 0.67844363 | E21: =1-('Portfolio equity assets '!E23)/('Portfolio equity assets '!E23+('Market Cap'!E23/1000000)-'Portfolio equity liabilities '!E23) -> 0.6188264 | F21: =1-('Portfolio equity assets '!F23)/('Portfolio equity assets '!F23+('Market Cap'!F23/1000000)-'Portfolio equity liabilities '!F23) -> 0.66528207 | G21: =1-('Portfolio equity assets '!G23)/('Portfolio equity assets '!G23+('Market Cap'!G23/1000000)-'Portfolio equity liabilities '!G23) -> 0.63537695 | H21: =1-('Portfolio equity assets '!H23)/('Portfolio equity assets '!H23+('Market Cap'!H23/1000000)-'Portfolio equity liabilities '!H23) -> 0.59303581 | I21: =1-('Portfolio equity assets '!I23)/('Portfolio equity assets '!I23+('Market Cap'!I23/1000000)-'Portfolio equity liabilities '!I23) -> 0.60553011 | ... S21: =1-('Portfolio equity assets '!S23)/('Portfolio equity assets '!S23+('Market Cap'!S23/1000000)-'Portfolio equity liabilities '!S23) -> 0.50402379
A22: Turkey | B22: =1-('Portfolio equity assets '!B24)/('Portfolio equity assets '!B24+('Market Cap'!B24/1000000)-'Portfolio equity liabilities '!B24) -> 0.98218242 | C22: =1-('Portfolio equity assets '!C24)/('Portfolio equity assets '!C24+('Market Cap'!C24/1000000)-'Portfolio equity liabilities '!C24) -> 0.96769567 | D22: =1-('Portfolio equity assets '!D24)/('Portfolio equity assets '!D24+('Market Cap'!D24/1000000)-'Portfolio equity liabilities '!D24) -> 0.95675354 | E22: =1-('Portfolio equity assets '!E24)/('Portfolio equity assets '!E24+('Market Cap'!E24/1000000)-'Portfolio equity liabilities '!E24) -> 0.96678456 | F22: =1-('Portfolio equity assets '!F24)/('Portfolio equity assets '!F24+('Market Cap'!F24/1000000)-'Portfolio equity liabilities '!F24) -> 0.98047806 | G22: =1-('Portfolio equity assets '!G24)/('Portfolio equity assets '!G24+('Market Cap'!G24/1000000)-'Portfolio equity liabilities '!G24) -> 0.95722937 | H22: =1-('Portfolio equity assets '!H24)/('Portfolio equity assets '!H24+('Market Cap'!H24/1000000)-'Portfolio equity liabilities '!H24) -> 0.98258482 | I22: =1-('Portfolio equity assets '!I24)/('Portfolio equity assets '!I24+('Market Cap'!I24/1000000)-'Portfolio equity liabilities '!I24) -> 0.97654127 | ... S22: =1-('Portfolio equity assets '!S24)/('Portfolio equity assets '!S24+('Market Cap'!S24/1000000)-'Portfolio equity liabilities '!S24) -> 0.99231386
A23: United Kingdom | B23: =1-('Portfolio equity assets '!B25)/('Portfolio equity assets '!B25+('Market Cap'!B25/1000000)-'Portfolio equity liabilities '!B25) -> 0.76841284 | C23: =1-('Portfolio equity assets '!C25)/('Portfolio equity assets '!C25+('Market Cap'!C25/1000000)-'Portfolio equity liabilities '!C25) -> 0.77632014 | D23: =1-('Portfolio equity assets '!D25)/('Portfolio equity assets '!D25+('Market Cap'!D25/1000000)-'Portfolio equity liabilities '!D25) -> 0.77221079 | E23: =1-('Portfolio equity assets '!E25)/('Portfolio equity assets '!E25+('Market Cap'!E25/1000000)-'Portfolio equity liabilities '!E25) -> 0.77020548 | F23: =1-('Portfolio equity assets '!F25)/('Portfolio equity assets '!F25+('Market Cap'!F25/1000000)-'Portfolio equity liabilities '!F25) -> 0.76224317 | G23: =1-('Portfolio equity assets '!G25)/('Portfolio equity assets '!G25+('Market Cap'!G25/1000000)-'Portfolio equity liabilities '!G25) -> 0.77148032 | H23: =1-('Portfolio equity assets '!H25)/('Portfolio equity assets '!H25+('Market Cap'!H25/1000000)-'Portfolio equity liabilities '!H25) -> 0.7284155 | I23: =1-('Portfolio equity assets '!I25)/('Portfolio equity assets '!I25+('Market Cap'!I25/1000000)-'Portfolio equity liabilities '!I25) -> 0.69630018 | ... S23: =1-('Portfolio equity assets '!S25)/('Portfolio equity assets '!S25+('Market Cap'!S25/1000000)-'Portfolio equity liabilities '!S25) -> 0.50837449
A24: United States | B24: =1-('Portfolio equity assets '!B26)/('Portfolio equity assets '!B26+('Market Cap'!B26/1000000)-'Portfolio equity liabilities '!B26) -> 0.89751099 | C24: =1-('Portfolio equity assets '!C26)/('Portfolio equity assets '!C26+('Market Cap'!C26/1000000)-'Portfolio equity liabilities '!C26) -> 0.881655 | D24: =1-('Portfolio equity assets '!D26)/('Portfolio equity assets '!D26+('Market Cap'!D26/1000000)-'Portfolio equity liabilities '!D26) -> 0.88862576 | E24: =1-('Portfolio equity assets '!E26)/('Portfolio equity assets '!E26+('Market Cap'!E26/1000000)-'Portfolio equity liabilities '!E26) -> 0.88590208 | F24: =1-('Portfolio equity assets '!F26)/('Portfolio equity assets '!F26+('Market Cap'!F26/1000000)-'Portfolio equity liabilities '!F26) -> 0.89555334 | G24: =1-('Portfolio equity assets '!G26)/('Portfolio equity assets '!G26+('Market Cap'!G26/1000000)-'Portfolio equity liabilities '!G26) -> 0.89214801 | H24: =1-('Portfolio equity assets '!H26)/('Portfolio equity assets '!H26+('Market Cap'!H26/1000000)-'Portfolio equity liabilities '!H26) -> 0.8823233 | I24: =1-('Portfolio equity assets '!I26)/('Portfolio equity assets '!I26+('Market Cap'!I26/1000000)-'Portfolio equity liabilities '!I26) -> 0.87900735 | ... S24: =1-('Portfolio equity assets '!S26)/('Portfolio equity assets '!S26+('Market Cap'!S26/1000000)-'Portfolio equity liabilities '!S26) -> 0.7350281
A26: Average | B26: =AVERAGE(B3:B24) -> 0.84153722 | C26: =AVERAGE(C3:C24) -> 0.84596354 | D26: =AVERAGE(D3:D24) -> 0.84228405 | E26: =AVERAGE(E3:E24) -> 0.82802808 | F26: =AVERAGE(F3:F24) -> 0.81601676 | G26: =AVERAGE(G3:G24) -> 0.78978123 | H26: =AVERAGE(H3:H24) -> 0.75897929 | I26: =AVERAGE(I3:I24) -> 0.72349182 | ... S26: =AVERAGE(S3:S24) -> 0.53567162

Sheet Portfolio equity assets 
A1: Country | K1: Portfolio equity assets
A2: Year | B2: 1993 | C2: 1994 | D2: 1995 | E2: 1996 | F2: 1997 | G2: 1998 | H2: 1999 | I2: 2000 | J2: 2001 | K2: 2002 | L2: 2003 | M2: 2004 | N2: 2005 | O2: 2006 | P2: 2007 | Q2: 2008 | R2: 2009 | S2: 2010
A3: Australia | B3: 21523.655 | C3: 22662.363 | D3: 27175.365 | E3: 31681.588 | F3: 33076.226 | G3: 36782.433 | H3: 57208.808 | I3: 59195.454 | J3: 60057.793 | K3: 65500.847 | L3: 92943 | M3: 114631.41 | N3: 137520.33 | O3: 188372.13 | P3: 267546.2 | Q3: 161055.22 | R3: 244571.18 | S3: 283837.35
A4: Austria | B4: 3722.3091 | C4: 4941.1979 | D4: 5868.3584 | E4: 6454.2633 | F4: 11501.623 | G4: 17225.266 | H4: 28935.795 | I4: 42698.319 | J4: 31190.32 | K4: 30047.485 | L4: 44150.093 | M4: 54934.612 | N4: 63610.77 | O4: 88108.617 | P4: 100796.16 | Q4: 54860.814 | R4: 75206.523 | S4: 87505.066
A5: Belgium | B5: 59318.748 | C5: 59803.691 | D5: 63766.786 | E5: 64571.161 | F5: 64661.43 | G5: 94141.636 | H5: 125273.62 | I5: 124687 | J5: 110225.95 | K5: 104970.68 | L5: 146643.14 | M5: 172163.99 | N5: 204559.98 | O5: 248209.72 | P5: 313728.06 | Q5: 233392.27 | R5: 261133.24 | S5: 260080.64
A6: Canada | B6: 69689.522 | C6: 74056.706 | D6: 89141.308 | E6: 117443.82 | F6: 138738.32 | G6: 155873.52 | H6: 235440.45 | I6: 239948.03 | J6: 230766.92 | K6: 203461.21 | L6: 275909.88 | M6: 319840.21 | N6: 382600.37 | O6: 499606.16 | P6: 608457.26 | Q6: 359016.78 | R6: 478116.57 | S6: 580362.94
A7: Denmark | B7: 7973.4219 | C7: 8877.1988 | D7: 10818.608 | E7: 16149.382 | F7: 22414.298 | G7: 32622.876 | H7: 50132.319 | I7: 56480.145 | J7: 47977.516 | K7: 35795.858 | L7: 52117.83 | M7: 65428.116 | N7: 88374.156 | O7: 132046.84 | P7: 156759.4 | Q7: 85198.774 | R7: 115037.28 | S7: 136051.34
A8: Finland | B8: 308.23753 | C8: 418.49384 | D8: 737.8516 | E8: 1563.5565 | F8: 3245.3373 | G8: 5270.8006 | H8: 13669.592 | I8: 20263.499 | J8: 20157.094 | K8: 22943.123 | L8: 36081.889 | M8: 53281.593 | N8: 64511.246 | O8: 96258.476 | P8: 122329.98 | Q8: 63345.508 | R8: 103086.09 | S8: 131659.42
A9: France | B9: 51965.058 | C9: 53744.856 | D9: 58363.265 | E9: 73519.19 | F9: 99126.601 | G9: 143051.53 | H9: 190673.08 | I9: 210060.38 | J9: 201747.2 | K9: 200095.11 | L9: 340240.83 | M9: 442653.9 | N9: 524887.46 | O9: 716800.96 | P9: 826859.43 | Q9: 474750.98 | R9: 646027.6 | S9: 665773.54
A10: Germany | B10: 115203.61 | C10: 145785.12 | D10: 165971.4 | E10: 187491.64 | F10: 241387.2 | G10: 370572.03 | H10: 507080.89 | I10: 573062.38 | J10: 490736.04 | K10: 437829.1 | L10: 576236.17 | M10: 668229.91 | N10: 771379.88 | O10: 884233.8 | P10: 954029.74 | Q10: 589528.3 | R10: 707088.26 | S10: 739717.65
A11: Greece | B11: 391.66038 | C11: 411.84906 | D11: 510.77358 | E11: 593.54717 | F11: 999.33962 | G11: 1177 | H11: 1147.2532 | I11: 1345.503 | J11: 2559.2952 | K11: 2596.5812 | L11: 4386.399 | M11: 5649.9908 | N11: 7837.9268 | O11: 12810.459 | P11: 19997.006 | Q11: 15432.561 | R11: 13728.918 | S11: 12246.273
A12: Iceland | B12: 22.057001 | C12: 47.58833 | D12: 102.37621 | E12: 182.2694 | F12: 397.28457 | G12: 830.04905 | H12: 1713.122 | I12: 2012.4439 | J12: 1754.4342 | K12: 1848.4239 | L12: 3183.054 | M12: 5841.5793 | N12: 9339.4093 | O12: 13392.576 | P12: 20630.703 | Q12: 6706.2863 | R12: 5893.0024 | S12: 4935.4976
A13: Ireland | B13: 13322.184 | C13: 14941.582 | D13: 21132.554 | E13: 26887.85 | F13: 39803.458 | G13: 60785.342 | H13: 118794.95 | I13: 130898.09 | J13: 133758.43 | K13: 152856.41 | L13: 222502.71 | M13: 304942.86 | N13: 383154.76 | O13: 573199.23 | P13: 649172.55 | Q13: 427868.42 | R13: 539873.49 | S13: 603914.3
... A26: United States | B26: 543862 | C26: 626762 | D26: 790615 | E26: 1006135 | F26: 1207787 | G26: 1474983 | H26: 2003716 | I26: 1852842 | J26: 1612673 | K26: 1373980 | L26: 2079422 | M26: 2560418 | N26: 3317705 | O26: 4328960 | P26: 5247990 | Q26: 2748428 | R26: 3995295 | S26: 4900246

Sheet Portfolio equity liabilities 
A1: Country | K1: Portfolio equity liabilities
A2: Year | B2: 1993 | C2: 1994 | D2: 1995 | E2: 1996 | F2: 1997 | G2: 1998 | H2: 1999 | I2: 2000 | J2: 2001 | K2: 2002 | L2: 2003 | M2: 2004 | N2: 2005 | O2: 2006 | P2: 2007 | Q2: 2008 | R2: 2009 | S2: 2010
A3: Australia | B3: 35939.114 | C3: 46570.712 | D3: 51341.675 | E3: 61154.48 | F3: 60327.104 | G3: 73020.337 | H3: 100804.85 | I3: 84947.036 | J3: 89130.336 | K3: 87368.057 | L3: 138978 | M3: 146733.22 | N3: 182379.48 | O3: 252366.14 | P3: 325898.43 | Q3: 173251.27 | R3: 336652.31 | S3: 402395.85
A4: Austria | B4: 3590.546 | C4: 5378.7948 | D4: 6988.5012 | E4: 9056.0526 | F4: 15661.68 | G4: 15622.806 | H4: 14745.016 | I4: 19569.345 | J4: 14919.797 | K4: 17235.445 | L4: 26470.54 | M4: 45181.277 | N4: 59235.693 | O4: 92955.177 | P4: 105124.13 | Q4: 46804.263 | R4: 60307.838 | S4: 62709.202
A5: Belgium | B5: 8252.5616 | C5: 9736.9454 | D5: 10011.899 | E5: 11173.254 | F5: 12099.133 | G5: 17842.63 | H5: 15470.84 | I5: 14236.65 | J5: 15663.345 | K5: 18059.663 | L5: 27884.514 | M5: 44250.543 | N5: 43015.401 | O5: 57745.182 | P5: 72899.864 | Q5: 55814.128 | R5: 107402.49 | S5: 107017.59
A6: Canada | B6: 41005.843 | C6: 44812.446 | D6: 57054.99 | E6: 79913.583 | F6: 84974.68 | G6: 92862.18 | H6: 145243.82 | I6: 152328.56 | J6: 113270.3 | K6: 99394.957 | L6: 172321.6 | M6: 225899.24 | N6: 280843.39 | O6: 346101.13 | P6: 418081.03 | Q6: 209170.89 | R6: 353642.88 | S6: 462355.38
A7: Denmark | B7: 3248.4312 | C7: 6740.0953 | D7: 8294.2661 | E7: 12448.482 | F7: 20363.317 | G7: 20556.173 | H7: 20740.255 | I7: 26023.315 | J7: 23842.4 | K7: 20671.503 | L7: 31257.85 | M7: 44458.783 | N7: 49096.63 | O7: 62886.389 | P7: 83226.213 | Q7: 45686.2 | R7: 67033.39 | S7: 92773.591
A8: Finland | B8: 5251.1021 | C8: 12767.33 | D8: 14625.338 | E8: 23456.793 | F8: 28870.257 | G8: 79721.743 | H8: 219531.22 | I8: 204361.06 | J8: 128038.79 | K8: 89172.754 | L8: 103315.11 | M8: 102974.34 | N8: 119951.97 | O8: 154812.8 | P8: 229908.31 | Q8: 96964.179 | R8: 104051.7 | S8: 97396.473
A9: France | B9: 103818.17 | C9: 102207.26 | D9: 120755.1 | E9: 155317.93 | F9: 208580.35 | G9: 300439.34 | H9: 482208 | I9: 502116.41 | J9: 415991.23 | K9: 345112.49 | L9: 490900.31 | M9: 593864.7 | N9: 690443.02 | O9: 990330 | P9: 1060372.8 | Q9: 624815.84 | R9: 825769.74 | S9: 774024.13
A10: Germany | B10: 93608.295 | C10: 99506.069 | D10: 110776.42 | E10: 140288.78 | F10: 186976.17 | G10: 289976.09 | H10: 375408.97 | I10: 300752.49 | J10: 294687.33 | K10: 212677.41 | L10: 362453.21 | M10: 399719.14 | N10: 449332.39 | O10: 820184.14 | P10: 1173072.3 | Q10: 525103.72 | R10: 768754.58 | S10: 831259.37
A11: Greece | B11: 1450.9923 | C11: 2111.8727 | D11: 2917.6321 | E11: 4368.4294 | F11: 5625.004 | G11: 12001 | H11: 15210.649 | I11: 9584.15 | J11: 7711.375 | K11: 8425.2558 | L11: 16139.877 | M11: 28386.164 | N11: 37962.746 | O11: 60247.482 | P11: 93547.539 | Q11: 23892.706 | R11: 28114.75 | S11: 17106.032
A12: Iceland | B12: 0.46433676 | C12: 0.60383708 | D12: 1.0280769 | E12: 2.4370003 | F12: 1.7292005 | G12: 6.4168631 | H12: 60.372451 | I12: 30.747258 | J12: 117.82419 | K12: 236.41102 | L12: 292.97084 | M12: 781.25819 | N12: 3722.007 | O12: 4992.3109 | P12: 5845.384 | Q12: 103.66562 | R12: 493.85108 | S12: 465.96262
A13: Ireland | B13: 16319.975 | C13: 20612.313 | D13: 30857.853 | E13: 44596.626 | F13: 63195.043 | G13: 109688.5 | H13: 160645.59 | I13: 217502.51 | J13: 279224.92 | K13: 343771.2 | L13: 481711.99 | M13: 613830.36 | N13: 712329.99 | O13: 950794.98 | P13: 1155092.1 | Q13: 889190.53 | R13: 1177526.3 | S13: 1407712.1
... A26: United States | B26: 373521 | C26: 397720 | D26: 549513 | E26: 672397 | F26: 952893 | G26: 1250342 | H26: 1611534 | I26: 1643205 | J26: 1572681 | K26: 1335792 | L26: 1839509 | M26: 2123259 | N26: 2304013 | O26: 2791893 | P26: 3231651 | Q26: 2132433 | R26: 2917681 | S26: 3545769

Sheet Market Cap
A1: Country | K1: Market Cap
A2: Year | B2: 1993 | C2: 1994 | D2: 1995 | E2: 1996 | F2: 1997 | G2: 1998 | H2: 1999 | I2: 2000 | J2: 2001 | K2: 2002 | L2: 2003 | M2: 2004 | N2: 2005 | O2: 2006 | P2: 2007 | Q2: 2008 | R2: 2009 | S2: 2010
A3: Australia | B3: 204866027520 | C3: 218865188864 | D3: 245218329200 | E3: 311980937300 | F3: 295784843900 | G3: 328948659800 | H3: 427683397700 | I3: 372794400000 | J3: 3.7513079e+11 | K3: 3.7884566e+11 | L3: 5.854751e+11 | M3: 7.7640276e+11 | N3: 8.040738e+11 | O3: 1.095858e+12 | P3: 1298429048000 | Q3: 675618871200 | R3: 1258455637300 | S3: 1454546975050
A4: Austria | B4: 28437000192 | C4: 30272000000 | D4: 32513000000 | E4: 33953000000 | F4: 35724000000 | G4: 34106000000 | H4: 3.3024519e+10 | I4: 29935200000 | J4: 2.451162e+10 | K4: 3.1899465e+10 | L4: 5.5085772e+10 | M4: 8.6343618e+10 | N4: 1.2438952e+11 | O4: 1.9130028e+11 | P4: 228707413000 | Q4: 72299836620 | R4: 5.3578045e+10 | S4: 6.768283e+10
A5: Belgium | B5: 78066999296 | C5: 84102995968 | D5: 104960000000 | E5: 119831000000 | F5: 136965000000 | G5: 245657000000 | H5: 184941973500 | I5: 182481000000 | J5: 165843000000 | K5: 127556300000 | L5: 1.7355262e+11 | M5: 2.7324742e+11 | N5: 2.8851509e+11 | O5: 3.9622018e+11 | P5: 386361615000 | Q5: 1.674468e+11 | R5: 2.6142877e+11 | S5: 2.6934185e+11
A6: Canada | B6: 326524010496 | C6: 315009007616 | D6: 366344000000 | E6: 486268000000 | F6: 567635000000 | G6: 543394000000 | H6: 800914352600 | I6: 841385200000 | J6: 700751000000 | K6: 575316000000 | L6: 8.9395032e+11 | M6: 1.1775179e+12 | N6: 1.4808911e+12 | O6: 1.7007081e+12 | P6: 2.1865502e+12 | Q6: 1.0022152e+12 | R6: 1.6809581e+12 | S6: 2.1602287e+12
A7: Denmark | B7: 41784999936 | C7: 54399000576 | D7: 56223000000 | E7: 71688000000 | F7: 93766000000 | G7: 98881000000 | H7: 105292683600 | I7: 107666000000 | J7: 8.8370377e+10 | K7: 76787730000 | L7: 1.2161627e+11 | M7: 1.5134235e+11 | N7: 1.7803827e+11 | O7: 2.3101461e+11 | P7: 2.7774637e+11 | Q7: 1.3152568e+11 | R7: 1.8685239e+11 | S7: 2.3174613e+11
A8: Finland | B8: 23562000384 | C8: 38278000640 | D8: 44138000000 | E8: 63078000000 | F8: 73322000000 | G8: 154518000000 | H8: 349408611200 | I8: 293634800000 | J8: 190456000000 | K8: 138832600000 | L8: 1.7028321e+11 | M8: 1.8376538e+11 | N8: 2.0950446e+11 | O8: 2.6547651e+11 | P8: 3.6916815e+11 | Q8: 1.5436734e+11 | R8: 9.1021301e+10 | S8: 1.1815966e+11
A9: France | B9: 456110997504 | C9: 451263004672 | D9: 522053000000 | E9: 591123000000 | F9: 674368000000 | G9: 991484000000 | H9: 1475457198700 | I9: 1446634100000 | J9: 1174428000000 | K9: 966961500000 | L9: 1.3559253e+12 | M9: 1.5591097e+12 | N9: 1.7587207e+12 | O9: 2.428572e+12 | P9: 2.7712168e+12 | Q9: 1.4923274e+12 | R9: 1.9720402e+12 | S9: 1.9264883e+12
A10: Germany | B10: 463475998720 | C10: 470518988800 | D10: 577365000000 | E10: 670997000000 | F10: 825233000000 | G10: 1093962000000 | H10: 1432190334600 | I10: 1270243200000 | J10: 1.0717487e+12 | K10: 6.9112449e+11 | L10: 1.0790262e+12 | M10: 1.1945171e+12 | N10: 1.2212501e+12 | O10: 1.6378257e+12 | P10: 2.1055056e+12 | Q10: 1107957423150 | R10: 1.2975679e+12 | S10: 1.4297067e+12
A11: Greece | B11: 12318999552 | C11: 14920999936 | D11: 17060000000 | E11: 24178000000 | F11: 34164000000 | G11: 79992000000 | H11: 204212797700 | I11: 110838540000 | J11: 86537760000 | K11: 68740625000 | L11: 1.0684489e+11 | M11: 1.2524163e+11 | N11: 1.4501255e+11 | O11: 2.0828355e+11 | P11: 2.6494177e+11 | Q11: 9.0396381e+10 | R11: 5.4716696e+10 | S11: 7.2638865e+10
A12: Iceland | B12: 483999999 | C12: 484000000 | D12: 720000000 | E12: 1210000000 | F12: 1859000000 | G12: 3106000000 | H12: 4807000000 | I12: 4439060000 | J12: 4.1611492e+09 | K12: 6.3235568e+09 | L12: 9.2932365e+09 | M12: 1.762889e+10 | N12: 2.7798973e+10 | O12: 3.6098789e+10 | P12: 4.0555044e+10 | Q12: 5.5574088e+09 | R12: 1.1280584e+09 | S12: 1.9963196e+09
A13: Ireland | B13: 25835999998 | C13: 25835999999 | D13: 25836000000 | E13: 34738000000 | F13: 49371000000 | G13: 66596000000 | H13: 68773000000 | I13: 81882400000 | J13: 7.5298234e+10 | K13: 6.0384272e+10 | L13: 8.5070383e+10 | M13: 1.1408543e+11 | N13: 1.1413425e+11 | O13: 1.6335775e+11 | P13: 144026157000 | Q13: 4.9401127e+10 | R13: 2.9882595e+10 | S13: 3.3721954e+10
... A26: United States | B26: 5136198926336 | C26: 5067015979008 | D26: 6857622000000 | E26: 8484433000000 | F26: 11308779000000 | G26: 13451352000000 | H26: 16635114000000 | I26: 15104037000000 | J26: 13854616194000 | K26: 11098101530000 | L26: 14266265700000 | M26: 16323726300000 | N26: 16970864548060 | O26: 19425854794360 | P26: 19947283820000 | Q26: 11737645610000 | R26: 15077285740000 | S26: 17138978000000
B29: =B3/1000000 -> 204866.03
